,Name,long,lat
0,CALVARY BAPTIST CHURCH,-77.02268370274251,38.89940336322003
1,CHRISTIAN TABERNACLE CHURCH OF GOD,-77.02679339432177,38.91792266248784
2,CHURCH-THE LIVING GOD PILLAR,-77.0163878698389,38.90596006713761
3,IMMACULATE CONCEPTION PARISH,-77.02259746551303,38.907750431382844
4,DISTRICT CHURCH,-77.02220381907202,38.911724267883514
5,MEDHANE ALEM ERITREAN ORTHODOX,-77.01385668601688,38.9138951245743
6,KINGDOM HALL-JEHOVAH'S WITNESS,-77.01869429013531,38.90688595937102
7,GREATER NEW HOPE BAPTIST CHR,-77.02329199501966,38.90032308723439
8,FAITH & HOPE FULL GOSPEL CHR,-77.01197475009569,38.90946214768877
9,FIRST RISING MT ZION BAPTIST,-77.02044355475176,38.90701835933734
10,FIRST TABERNACLE BETH EL,-77.01638662391125,38.90505346681628
11,FIRST TRINITY LUTHERAN CHURCH,-77.01578275796412,38.89630391072005
12,FLORIDA AVENUE BAPTIST CHURCH,-77.02083741827823,38.91616851275828
13,GRACE PRESBYTERIAN CHR-WA DC,-77.02259730296373,38.89959579856499
14,HOLY REDEEMER CHURCH,-77.01387498408734,38.905417098972755
15,HOLY ROSARY CHURCH,-77.01485170528241,38.897562051037575
16,MASJID MUHAMMAD,-77.01588986136865,38.91032954466238
17,SPRINGFIELD BAPTIST CHURCH,-77.01957383860938,38.90932464518534
18,SHILOH BAPTIST CHURCH,-77.02432946639335,38.90991659080104
19,TABLE CHURCH-DOWNTOWN,-77.02556830393553,38.898550756541745
20,ST ALOYSIUS PARISH,-77.00966231605061,38.90156419967232
21,ST GEORGE'S EPISCOPAL CHURCH,-77.01418587015927,38.91674316037549
22,FIRST CONGREGATIONAL UCC,-77.02556830393553,38.898550756541745
23,HEMMINGWAY TEMPLE AME CHURCH,-77.01914600419607,38.90987647720734
24,GALBRAITH AME ZION CHURCH,-77.02016459256768,38.9047400156917
25,FOURTH STREET FRIENDSHIP SDA CHURCH,-77.01596564913973,38.91152286947893
26,HIGHWAY CHRISTIAN CHR-CHRIST,-77.01869493441716,38.9190201923531
27,SCRIPTURE CATHEDRAL,-77.02367069541779,38.90830531323698
28,ST LUKE'S AT IMMACULATE CNCPTN,-77.02259746551303,38.907750431382844
29,ST MARYS MOTHER OF GOD,-77.01870446506992,38.89952369921383
30,ST PATRICKS CATHOLIC CHURCH,-77.02549811649031,38.89795567939351
31,THIRD STREET CHURCH OF GOD,-77.01552229380955,38.90611260665067
32,NEW HOPE BAPTIST UCC,-77.01578275796412,38.89630391072005
33,MILES MEMORIAL CHRISTIAN,-77.01922513407459,38.90744195859309
34,SONS-DAUGHTERS IN CHRIST A M E,-77.01745056980629,38.917503381965275
35,TENTH STREET BAPTIST CHURCH,-77.02667981069467,38.91236859896516
36,UNITED HOUSE OF PRAYER FOR ALL PEOPLE,-77.02051439109985,38.90597671141181
37,TRUE GRACE CHURCH OF JESUS,-77.0152619384041,38.91891916733739
38,SOUTHERN BAPTIST CHURCH,-77.01334105900901,38.90349432818609
39,METROPOLITAN COMMUNITY CHURCH,-77.01865702491271,38.9063475362641
40,SALEM BAPTIST CHURCH,-77.02498607119266,38.90756374238545
41,TEMPLE OF CUN YUM,-77.01969557374758,38.900072776066054
42,SECOND BAPTIST CHURCH,-77.01554096248327,38.900782270525255
43,SECOND CHURCH OF GOD,-77.01702006994503,38.91054414438086
44,NEW BETHANY BAPTIST CHURCH,-77.02624355064891,38.90747086085564
45,NEW BETHEL BAPTIST CHURCH,-77.02356345530357,38.913842132500086
46,NEW BIRTH BAPTIST CHURCH WA,-77.01388709696734,38.90604696144254
47,CAPITOL HILL ADVENTIST CHURCH,-76.99315998081954,38.891300176941215
48,MT BETHEL BAPTIST CHURCH,-77.0116640906419,38.916213659266944
49,MT CARMEL BAPTIST CHURCH,-77.01482109783306,38.90171743168308
50,METRO WASH DC SYNOD,-77.01564996142194,38.89631023444495
51,NEW COVENANT EVANGELISTIC CTR,-77.01655441059027,38.909197463807935
52,COMMUNITY UNITED METHODIST CHURCH,-76.9815334356244,38.904405186373744
53,BETHESDA BAPTIST CHURCH,-76.98614451925766,38.91102831106245
54,CHRISTIAN LOVE BAPTIST CHURCH,-76.9830030699854,38.90131491276562
55,CRUSADERS BAPTIST CHURCH,-76.99473148196986,38.90149989078249
56,CHURCH OF GOD,-76.99593010812941,38.89113743484751
57,CHURCH-THE LORD JESUS CHRIST,-76.98914354645359,38.89383500889502
58,FIRST JERICHO BAPTIST CHURCH,-77.00158184875923,38.91431112996973
59,CHURCH OF ST MONICA & ST JAMES,-76.99522340029498,38.892889536667425
60,CHURCH UNITED SPANISH,-76.99433392016502,38.90227161815094
61,DOUGLAS MEMORIAL UNITED MTHDST,-76.9917903530788,38.90044484236609
62,BROWN MEMORIAL AME CHURCH,-76.98635814744962,38.89185170396603
63,MT LEBANON BAPTIST CHURCH,-77.01468209220675,38.90633251901934
64,MT PLEASANT BAPTIST CHURCH,-77.01476901185288,38.91518879011609
65,MT SINAI BAPTIST CHURCH,-77.01482742254154,38.91162247157527
66,MT VERNON PLACE UNITED MTHDST,-77.02499630569211,38.90288209957666
67,ALL NATIONS BAPTIST CHURCH,-77.00875695727296,38.91728266196471
68,WAY BACK TO PENTECOST CHURCH,-77.02573634506246,38.91282724502824
69,NATIONAL COMMUNITY CHURCH,-77.00320572523061,38.897143251627696
70,MT AIRY BAPTIST CHURCH,-77.0095757211046,38.9040186234324
71,PURITY BAPTIST CHURCH,-76.98727801950757,38.89816460207682
72,NEW LIFE BAPTIST CHR ALEXANDER,-76.98901905313008,38.90731492611355
73,NEW SAMARITAN BAPTIST CHURCH,-76.99151997607797,38.90368413814916
74,METROPOLITAN WESLEY AME ZION,-77.00941365005377,38.912938160863256
75,SACRED HEART OF JESUS INTL,-76.990017785979,38.901131231430995
76,SAFE HAVEN OUTREACH MINISTRY,-77.00948951761792,38.90512755871379
77,GATEWAY TO HEAVEN PENTACOSTAL,-76.98466771242822,38.911784647179296
78,IMANI TEMPLE,-76.99813372430687,38.89383135446689
79,JAMES MEMORIAL BAPTIST CHURCH,-77.00178822415548,38.913486323598924
80,GREATER MT CALVARY HOLY CHURCH,-76.99784540960528,38.92121979023762
81,GREATER MT PISGAH BAPTIST CHR,-76.97737609988546,38.89789870879021
82,PEACE BAPTIST CHURCH,-76.97800667110023,38.89828078381406
83,PEOPLES COMMUNITY CHURCH,-76.99127478953298,38.89871835261993
84,PILGRIM A M E OUTREACH CHURCH,-76.98029428409762,38.89739891288465
85,PILGRIM BAPTIST CHURCH,-76.99596029600794,38.901537414482654
86,NORTHEAST HOLY TRINITY CHURCH,-77.00027169493782,38.89934322770726
87,NEW ABUNDANT LIFE MISSIONARY,-76.98338641898805,38.894257725460704
88,MT OLIVE BAPTIST CHURCH,-76.99873685836083,38.90511784810691
89,LINCOLN PARK UNITED MTHDST CHR,-76.9880035143693,38.890359917501804
90,LIVING WATER WORSHIP CTR,-76.99199056348867,38.894599869159705
91,GRACE FELLOWSHIP BAPTIST MSN,-77.00107774992327,38.91530133202018
92,HWY CHRISTIAN CHURCH,-76.98340615619789,38.89563465740024
93,JESUS WAY TEMPLE,-76.97876941562096,38.90234883004592
94,GALATIANS BAPTIST CHURCH,-76.99449845258765,38.897528273807396
95,LANE MEMORIAL CME,-76.98517205022219,38.89342631299196
96,UNITED CHURCH,-77.04469073757274,38.89812818887006
97,NEW YORK AVENUE PRESBYTERIAN,-77.03121555704386,38.8999835151817
98,METRO POLITAN AFRICAN MTHDST,-77.0354602493185,38.905340294180725
99,LUTHER PLACE MEMORIAL CHURCH,-77.03160621919498,38.9069442562995
100,CHURCH OF THE EPIPHANY,-77.03047223235365,38.898665157518906
101,GRACE COVENANT CHURCH,-77.03393851820272,38.902895068067934
102,GRACE REFORMED CHURCH,-77.0342891246529,38.909171444258064
103,KOREA TRUTH COMMISSION,-77.03337529729494,38.89984085623957
104,EBENEZER UNITED METHODIST CHR,-77.00033560543717,38.88447193475368
105,CAPITOL HILL PRESBYTERIAN CHR,-77.00085291329678,38.8873977647341
106,HOLY NAME OF JESUS PARISH,-76.99177151555591,38.901847262289024
107,CHRIST CHURCH CAPITOL HILL,-76.99750603053049,38.88171372067207
108,CHRIST OUR SHEPHERD CHURCH,-76.9943869372463,38.88779724483418
109,WASHINGTON CITY CHURCH OF THE BRETHREN,-77.00094820480713,38.88515855044089
110,MADONNA HOUSE,-77.00271301647305,38.893761613003186
111,UNITED CHURCH OF CHRIST,-77.00561929813786,38.89143545751959
112,CAPITOL HILL UNITED MTHDST CHR,-76.99985014183147,38.88529259896445
113,CALVARY CHRISTIAN CHURCH,-76.99177439081305,38.87890662309836
114,SERVANTS OF THE LORD,-76.98347595585112,38.88891216907649
115,UPON THIS ROCK TABERNACLE,-76.99893134815967,38.905439358117874
116,CAPITAL CITY CHURCH,-76.99588173580487,38.880453400914035
117,TABLE CHURCH-H STREET PARISH,-76.99873543021513,38.901127507054234
118,WASHINGTON COMMUNITY FELLOWSHP,-76.99348670714284,38.895726368481036
119,ST MARTIN OF TOURS CATHOLIC CHURCH,-77.00933183083418,38.91593136748423
120,HOLY COMFORTER-ST CYPRIAN CHR,-76.98608437738642,38.88952183557255
121,THANKFUL BAPTIST CHURCH,-76.98529479113581,38.887385762140894
122,ST VINCENT DE PAUL PARISH,-77.00837420022972,38.87665937790368
123,VERDADERA FE BAPTIST CHURCH,-77.00083314923812,38.922141088441116
124,HOLY TEMPLE CHURCH OF CHRIST,-76.9904898386072,38.8832266793658
125,LIBERTY BAPTIST CHURCH,-76.98427957880128,38.8821013114579
126,GREATER PEOPLE UNION BAPTIST,-76.9909157155051,38.88495731422741
127,LUTHERAN CHURCH OF REFORMATION,-77.00285995729772,38.89012024487677
128,MT MORIAH BAPTIST CHURCH,-76.98104114394701,38.8901171201755
129,HOUSE OF GOD,-76.98776438065183,38.89010324406927
130,NEW HOPE FREEWILL BAPTIST CHR,-76.9911784335378,38.879924167683576
131,HARDWOOD REVIVAL,-77.04694783471446,38.896453729347925
132,ST JOHN'S EPISCOPAL CHURCH,-77.03599791420842,38.90044327733749
133,ST LUKES EPISCOPAL CHURCH,-77.03492619944409,38.91023586177749
134,ST PAULS,-77.02915135610438,38.90289564006667
135,NATIONAL CITY CHRISTIAN CHURCH,-77.03260283131978,38.90647888131926
136,MT ZION PENTECOSTAL CHURCH,-77.02776712095972,38.907071168566304
137,AUGUSTANA LUTHERAN CHURCH,-77.03546430061795,38.91858931114075
138,DC SPANISH SEVENTH-DAY ADVENTIST,-77.03700348829665,38.92588400922077
139,SOUTHWEST CHURCH OF CHRIST,-77.03001265093937,38.92889653876637
140,SPANISH CATHOLIC CTR,-77.0373966244729,38.93273942614044
141,TRINITY AME ZION CHURCH,-77.03608272720558,38.93455834573698
142,TRUTHABOUTIT.NET,-77.03603920801885,38.9328883094964
143,OUR LADY QUEEN-THE AMERICAS,-77.04926996545284,38.91582334136509
144,HANDMAIDS-THE HOLY CHILD JESUS,-77.03481935905207,38.91787775686794
145,ST STEPHEN & INCARNATION CHR,-77.03575013249825,38.93348727045771
146,OBLATE SISTERS-THE MOST HOLY,-77.05936444256126,38.952938720608806
147,LIFE CHURCH,-77.03068466346679,38.9127996558079
148,WASHINGTON ETHIOPIAN SEVENTH,-77.06396550785695,38.95021102007177
149,ST PAUL'S LUTHERAN CHURCH,-77.07030958832685,38.95374834956889
150,FREEDOM BAPTIST CHURCH,-77.03560949036886,38.917227657656326
151,NATIONAL BAPTIST MEMORIAL CHR,-77.03605053451805,38.92700452738373
152,KELSEY TEMPLE CHR-GOD IN CHRST,-77.03375081736407,38.930883743378935
153,12TH STREET CHRISTIAN CHURCH,-77.02847287014916,38.9146761121204
154,ALL SOULS CHURCH UNITARIAN,-77.0359888086203,38.926037683720054
155,CANAAN BAPTIST CHURCH,-77.03693675782912,38.93313368578886
156,GOODWILL BAPTIST CHURCH,-77.04382833266389,38.919324435669566
157,TRUE GOSPEL BAPTIST CHURCH,-77.02745500681742,38.91901260696791
158,SEVENTH PILLAR,-77.04432006081029,38.92438656875791
159,ST JAMES APOSTLE CHURCH,-77.0342695470324,38.91473788434469
160,GREATER TRIED STONE BAPTIST,-77.03200493655144,38.934767445180775
161,FIFTEENTH ST PRESBYTERIAN CHR,-77.03418191737214,38.91281904384411
162,UNIVERSALIST NATIONAL MEML CHR,-77.03688148275575,38.914348289234674
163,ABBAS HOUSE CHR-GOD-PROPHECY,-77.03217187187971,38.93715865286207
164,ST MARGARET'S EPISCOPAL CHURCH,-77.04667772446713,38.91510022553142
165,LA RED CHURCH,-77.03244308872762,38.93092699328158
166,MT RONA MISSIONARY BAPTIST CHR,-77.02945515302682,38.932248762901864
167,GREATER FIRST BAPTIST CHURCH,-77.02926984305138,38.925022160265534
168,KING EMMANUEL BAPTIST CHURCH,-77.04025433686543,38.92079263772389
169,ONE LORD ONE SAFE CHURCH INC,-77.06639494172641,38.94810614205424
170,TABLE CHURCH-COHI PARISH,-77.03459269142532,38.927693023178044
171,CHURCH OF THE HOLY CITY,-77.03612375606517,38.91173268426909
172,PARK ROAD COMMUNITY CHURCH,-77.02781463911931,38.932244390452965
173,ST LUKES UNITED METHODIST CHR,-77.07192177165753,38.92289538567763
174,ST NICHOLAS CATHEDRAL,-77.06864852538052,38.92489873362101
175,ST PATRICKS EPISCOPAL CHR,-77.09806808241012,38.92006658043383
176,DIVINE MISSION CHURCH,-76.92801076174553,38.88858676155481
177,SHARON BAPTIST CHURCH,-76.96979498898342,38.93694514159709
178,ST PATRICKS EPISCOPAL CHURCH,-77.09138547929845,38.91609526804082
179,LUTHERAN CHURCH GEORGETOWN,-77.06507460190006,38.91014431679869
180,PARISH OF CHRIST THE KING,-77.05668238062427,38.9086953730422
181,OUR LADY OF VICTORY CHURCH,-77.09473682997194,38.916384379013344
182,ALL SOULS MEMORIAL EPISCOPAL,-77.05288482747784,38.92760095831695
183,TEMPLE MICAH,-77.07283426142689,38.926931089318735
184,CAPITAL MEMORIAL SEVENTH-DAY,-77.06396550785695,38.95021102007177
185,HOLY TRINITY CATHOLIC CHURCH,-77.06967410601366,38.90697928356828
186,ST SOPHIA GREEK ORTHODOX,-77.07035841316436,38.92724132119003
187,FIFTH CHURCH OF CHRIST SCIENTIST,-77.0614546537876,38.90621701523752
188,WILLIAMS CORNER WORSHIP CTR,-77.05807589331347,38.93537041333235
189,FIRST BAPTIST CHR/GEORGETOWN,-77.05565617579612,38.907571174060024
190,KESHER ISRAEL GEORGETOWN,-77.05722293575434,38.90702991617332
191,NUEVA VIDA INC,-77.04527865772579,38.902119837564676
192,REORGANIZED CHURCH-JESUS CHRST,-77.06934975365934,38.92532549419786
193,SGI BUDDHIST ASSN,-77.06803730121132,38.9253650915414
194,JERUSALEM BAPTIST CHURCH,-77.05497577331847,38.90914993900343
195,EPIPHANY CATHOLIC CHURCH,-77.05643837251112,38.90747702189947
196,DUMBARTON UNITED METHODIST CHR,-77.0625255777355,38.90789974746396
197,GRACE EPISCOPAL CHURCH,-77.06202524801469,38.903581499779676
198,ADAS ISRAEL CONGREGATION,-77.05752918591845,38.93680012108081
199,MT ZION COMMUNITY HOUSE,-77.05853691851742,38.908275480307445
200,MT ZION UNITED METHODIST CHR,-77.05838070733513,38.90801089317844
201,GEORGETOWN PRESBYTERIAN CHURCH,-77.06210686570961,38.90953282399223
202,SECOND NEW ST PAUL BAPTIST,-76.97169297698099,38.925803059376676
203,ANACOSTIA INTERNATIONAL,-76.97933820583837,38.86423841060875
204,DELAWARE AVE BAPTIST CHURCH,-76.98728898467576,38.865087148515954
205,IMMANUEL BIBLE ASSEMBLY,-76.99227632462707,38.93082116014258
206,DIVINE WORD HOUSE,-76.99400523214888,38.9421709083094
207,JONES R L AME ZION CHURCH,-76.98012801601739,38.93188504874629
208,PENNSYLVANIA AVENUE BAPT CHR,-76.96381527708634,38.87113705744903
209,LUTHERAN CHURCH-THE HOLY,-76.9594940620545,38.86160356560774
210,TRUE BELIEVERS,-76.91871903230638,38.886047507853355
211,TRUE WAY CHURCH,-76.91197990214849,38.893448774086764
212,LITTLE FOUNTAIN CHURCH,-76.98244981738925,38.86290450282986
213,LITTLE ROCK CHR OF DELIVERANCE,-76.97413541949193,38.87110475638567
214,GREATER MT JOY CHR OF CHRIST,-76.98144040632839,38.856068124355765
215,UNITED METHODIST PUB HSE,-77.08958349879973,38.939820970748144
216,CAPITOL TEMPLE CHR-GOD,-76.97963619658337,38.92918877692539
217,BROOKLAND UNION BAPTIST CHURCH,-76.98572329919332,38.9290370781042
218,MASJID HADEETH,-76.97932748117019,38.93269790961404
219,BRIGHTER DAY MINISTRIES,-76.9853383446426,38.85155824704448
220,LIGHT OF THE WORLD CHURCH,-76.98915306850044,38.92370794627308
221,MEKANE HIWOT,-76.97389872398678,38.92499129268358
222,ANTIOCH BAPTIST CHURCH/DC,-76.92827514752831,38.90501152158922
223,WILLING HEART COMMUNITY CHURCH,-76.96257863666733,38.863100983516
224,SECOND ST JAMES BAPTIST CHURCH,-76.97279401520645,38.872183838726755
225,CENTRAL UNION BAPTIST CHURCH,-76.93897674250813,38.89730212059188
226,AGAPE 1 CHURCH OF CHRIST,-76.98505912262443,38.86571900497536
227,BETHEL CHRISTIAN CHURCH,-76.97397356816329,38.87158802139725
228,BETHEL CHRISTIAN FELLOWSHIP,-76.98990785269471,38.8641199003379
229,POTOMAC BAPTIST CHURCH,-76.9589721376243,38.88221182232759
230,SUPREME COUNCIL-THE HSE-JACOB,-76.91895478126541,38.89006820304583
231,TABERNACLE BAPTIST CHURCH,-76.92501640795459,38.89948014443183
232,ST ANTHONYS CATHOLIC CHURCH,-76.99168749888784,38.932299653356246
233,ST JOSAPHAT'S UKRAINIAN SMNRY,-77.00397980510364,38.940380325942925
234,GATE OF HEAVEN HOLY CHURCH,-76.99081839968045,38.92736105208046
235,OLD WAY BAPTIST CHURCH,-76.98644681501095,38.94147771907908
236,ST PHILLIPS EPISCOPAL CHURCH,-76.98584106314577,38.865653701309434
237,ST TERESA OF AVILA CHURCH,-76.98776108608713,38.86562914516907
238,ST TIMOTHY'S EPISCOPAL CHURCH,-76.95609456215745,38.86299702045734
239,EDGEWOOD BAPTIST CHURCH,-76.95697453465864,38.8862823536915
240,UNITY BAPTIST CHURCH,-76.96593417658744,38.9248320474048
241,REDEEMING LOVE CHRISTIAN CTR,-76.93580421496382,38.89919280763573
242,REFUGE TEMPLE,-76.92078523644736,38.89564555283241
243,PEACE FELLOWSHIP CHURCH,-76.93439999983293,38.911207280300445
244,PEACE LUTHERAN CHURCH,-76.9307962128695,38.89049605948748
245,REVELATION KNOWLEDGE CHRISTIAN,-76.93887370877579,38.900906132897724
246,SEVENTH CHR-CHRIST SCIENTIST,-76.93495594291292,38.906440012877084
247,MCKENDREE UNITED MTHDST CHR,-76.9712543509969,38.93193536140265
248,FRANCISCAN MONASTERY,-76.98522170638672,38.93751752435483
249,UNIVERSAL HOLINESS CHURCH,-76.98626510509077,38.85423161233638
250,OUR REDEEMER CHURCH,-76.97909425304367,38.943785189761776
251,DUPONT PARK SEVENTH-DAY ADVENTIST CHURCH,-76.94704328166407,38.87169440236086
252,WOODRIDGE CHURCH OF OUR LORD,-76.97289838587011,38.92477198266468
253,EAST CAPITOL CHURCH OF CHRIST,-76.92888298091398,38.8900700752114
254,LIVING WORD CHURCH,-77.01263719887444,38.829806136481054
255,FIRST UNITED METHODIST CHURCH,-76.93639644585403,38.8727775747334
256,GRACE APOSTOLIC CHURCH,-76.93790683870964,38.894402393413216
257,FIRST CHRIST APOSTOLIC CHURCH,-76.97204898857447,38.92019366240281
258,FRENCH SPEAKING PARISH OF ST L0UIS,-77.0817413518867,38.956239629815286
259,TRUE PENTECOSTAL CHR OF CHRIST,-76.99062866591947,38.93104075233193
260,MARIAN FATHERS,-77.00086101416842,38.93772996996817
261,UKRAINIAN CATHOLIC NATL SHRINE,-77.00345666711905,38.939592477235635
262,BETHESDA NEW LIFE GOSPEL CHR,-76.94648417990004,38.90085960023339
263,BEULAH BAPTIST OF DEANWOOD HTS,-76.9167693363882,38.89471426776508
264,PLEASANT GROVE BAPTIST CHURCH,-76.97892504779753,38.92850735216349
265,RHEMA CHRISTIAN CTR CHURCH,-76.97825847605097,38.944693432927885
266,SPIRIT OF THE LORD BAPTIST CHR,-76.97237185910376,38.9306389749088
267,NEW CANAAN BAPTIST CHURCH,-76.96405334425431,38.92652108429396
268,NEW COVENANT CHURCH,-76.9741392992247,38.92972629694714
269,SECOND NEW ST LUKE BAPTIST CHR,-76.93079427595664,38.89867214646268
270,NEW BEGINNING CHRISTIAN,-76.93798606688772,38.90258338198546
271,NEW BEGINNING WAY-THE CROSS,-76.93137966751117,38.89208007633138
272,NEW BIRTH PRAYER MSSNRY BAPT,-76.93679288449671,38.90255031246673
273,RANDALL MEMORIAL METHODIST CHR,-76.93680924759714,38.903079382177594
274,RCCG NEW WINE ASSEMBLY,-76.93551132462022,38.90986295297066
275,CHURCH-THE REDEEMER,-76.98453295563822,38.9265350474604
276,CARRON BAPTIST CHURCH,-77.01189685135843,38.87377674461138
277,RISING SUN BAPTIST CHURCH,-76.97145583596412,38.93078991423553
278,ST PAUL BAPTIST CHURCH,-76.98153259430798,38.92769596397507
279,EAST FRIENDSHIP BAPTIST CHURCH,-76.93890011624849,38.89322525264959
280,GARDEN MEMORIAL PRESBYTERIAN,-76.97990475240387,38.86918800166224
281,GREATER GOOD SAMARITAN BAPTIST CHURCH,-76.92873297626294,38.88249771560654
282,GOOD SUCCESS CHRISTIAN CHURCH,-76.93897743911897,38.90255228465798
283,MT SINAI PRIMITIVE BAPTIST CHR,-76.93546025411024,38.89889741403264
284,MT VERNON UNITED METHODIST CHR,-76.94554527470258,38.89924748036818
285,YOUNGS MEMORIAL CHURCH,-76.9703370467533,38.85527101775872
286,FAITH UNITED CHURCH OF CHRIST,-76.99295606853751,38.948557182885025
287,GRACE UNITED BAPTIST CHURCH,-76.99006087807057,38.9294410997765
288,ALMAS TEMPLE,-76.95231916418551,38.893911993003144
289,FAITH TABERNACLE OF PRAYER,-76.96969340421431,38.85464782939831
290,NEW DAY ASSEMBLY OF CHRIST,-77.00515317160749,38.84222937047439
291,FIRST CHURCH OF WASHINGTON DC,-76.98942962897848,38.927447144323295
292,DIVINE LOVE BAPTIST CHURCH,-76.94018935701352,38.90265353472789
293,PENTECOSTAL CHURCH OF GOD,-76.97063457016856,38.93076196519425
294,CHARITY BAPTIST CHURCH,-76.97340571647558,38.870575438696584
295,MOUNTAIN OF FIRE MIRACLES,-76.96516271817816,38.93465187070257
296,MT HOREB BAPTIST CHURCH,-76.96223507094318,38.927944635603964
297,APOSTOLIC FAITH CHURCH,-76.96125201720331,38.87361967208622
298,SERVANTS OF THE LORD,-76.98737931032571,38.937489491140134
299,GUIDING STAR BAPTIST CHURCH,-76.99146560493439,38.92933302094686
300,GUILDFIELD BAPTIST CHURCH,-76.99167388984141,38.93427220095653
301,FAITH BIBLE CHURCH,-76.9347492419306,38.88058289455355
302,FAITH SHEPARD BAPTIST CHURCH,-76.96002357694867,38.88265152606406
303,WHOLE TRUTH CHR-THE LORD JESUS,-76.967847781043,38.92366520120548
304,UNION WESLEY AME ZION CHURCH,-76.97885156303487,38.946077394381156
305,SARGENT MEMORIAL PRESBYTERIAN,-76.9268668334822,38.898084120017245
306,MACEDONIA COMMUNITY CHURCH,-76.93661749855596,38.90414757932112
307,MACEDONIA HOLY CHURCH,-76.92496334717087,38.89874286579061
308,NEW MT OLIVE BAPTIST CHURCH,-76.9181903890995,38.89876876746209
309,NEW ZION PENTECOSTAL CHURCH,-76.92227851658042,38.89976455079417
310,NEW GROVE BAPTIST CHURCH,-76.94107011167678,38.89264487698122
311,NEW JERUSALEM TEMPLE,-76.94504762090293,38.899230311622155
312,NEW LIFE WORLD ASSEMBLIES,-76.96453539438924,38.87598334857041
313,NEW MACEDONIA BAPTIST CHURCH,-76.94238279646873,38.87067748896648
314,NEW MORNING STAR BAPTIST CHR,-76.92878549568039,38.90378237336005
315,NEW MT CALVARY MSSNRY BAPT CHR,-76.93991388416646,38.89217873518909
316,MENTROTONE BAPTIST CHURCH,-76.92687302827791,38.88641782708954
317,CONCORD BAPTIST CHURCH,-76.98116156487838,38.9295306279123
318,MICHIGAN PARK CHRISTIAN CHURCH,-76.98220416906881,38.940989531420605
319,KEDUS GABRIEL ETHIOPIAN ORTHDX,-76.96954777407889,38.924070130160054
320,NEW COVENANT BAPTIST CHURCH,-76.98767650113271,38.86434498668985
321,NEW IMAGE COMMUNITY BAPTIST,-76.97784220953734,38.84766641063718
322,JOSEPHITE PASTORAL CTR,-76.9893829420168,38.943580377128306
323,SOUTHEAST CHRISTIAN FELLOWSHIP,-76.96098344377546,38.87078896168075
324,VICTORY DELIVERANCE TEMPLE,-76.98244981738925,38.86290450282986
325,MONASTERY OF THE HOLY CROSS,-76.98787735664196,38.9375065695295
326,GALILEE BAPTIST CHURCH,-76.9735299401796,38.87243696383751
327,PURITY PENTECOSTAL MINISTRY,-76.9798040544858,38.93225595531847
328,ZION BAPTIST CHURCH EASTLAND,-76.93991962291123,38.90671751553156
329,RIGHTEOUS CHURCH OF GOD,-76.92108396555945,38.89778722448182
330,PERFECTION OF THE SAINTS,-76.91386358131437,38.894284083436844
331,PILGRIM REST BAPTIST CHURCH,-76.93597942915456,38.90254653645558
332,FIRST BAPTIST CHR OF DEANWOOD,-76.93801651027276,38.90310507213916
333,FIRST BAPTIST CHR-MARSHALL HTS,-76.93058563374042,38.8868099752775
334,FIRST BAPTIST CHURCH/SOUTHEAST,-76.95651533706766,38.88571915966755
335,FIRST NATIONAL BAPTIST CHURCH,-76.92382551453973,38.88321474886198
336,FIRST ROCK BAPTIST CHURCH,-76.93994327169035,38.87999878399908
337,GREATER FELLOWSHIP FULL GOSPEL,-76.99386280058009,38.84402029255921
338,DEBRE MEHERET ST MICHAEL'S,-76.96210929905388,38.92871867934118
339,POOR CLARES OF PERPETUAL ADRTN,-76.98872697893545,38.93745143367711
340,OUR LADY OF PERPETUAL HELP CATHOLIC CHURCH,-76.98164772735304,38.857641208740844
341,MIRACLE TEMPLENON,-76.92679169466042,38.88390749906833
342,ASSUMPTION RC CHURCH,-77.00444691030762,38.841594123678156
343,WARD MEMORIAL AME CHURCH,-76.94231196033084,38.894158633212164
344,LITTLE ROCK CHURCH OF CHRIST,-76.92764291456218,38.903857341524464
345,RYLAND-EPWORTH UNITED MTHDST,-76.95971405284833,38.868276625899874
346,CONTEE AME ZION CHURCH,-76.92394634292933,38.90199098411234
347,RELIGIOUS THE SACRED HEART,-76.99437728604737,38.94154070679653
348,CHURCH OF THE INCARNATION,-76.92054862337189,38.90129679066065
349,CHURCH OF OUR LORD JESUS CHRIST,-76.92078523644736,38.89564555283241
350,ALLEN CHAPEL AFRICAN MTHDST,-76.9702852186312,38.85689261188096
351,HUGHES MEMORIAL UNITED MTHDST,-76.9257791846355,38.89054234537349
352,LEADING COMMANDMENT CHURCH,-76.92902495094874,38.88883331100185
353,INTERNATIONAL HOUSE OF PRAYER,-76.97750237716373,38.92809072272051
354,ISRAEL BAPTIST CHURCH,-76.98935494987083,38.92168766822834
355,GREAT MT CALVARY HOLY CHURCH,-76.99428805994299,38.92214194284802
356,REVIVAL TEMPLE FULL GOSPEL CHR,-76.99458810229766,38.86304721840029
357,EMMANUEL BAPTIST CHURCH,-76.97185695889968,38.85656590527934
358,ST JUDAH BAPTIST CHURCH,-76.95103121304328,38.89124768417263
359,ST LUCILLE AME ZION CHURCH,-76.92738550824603,38.887177373430355
360,HIS CHURCH,-76.97586091882987,38.85144343622491
361,GOSPEL ARK TEMPLE BIBLEWAY CHR,-76.93705402866965,38.887893565072
362,HIGHER PRAISE MINISTRIES,-76.93546025411024,38.89889741403264
363,JONES MEMORIAL UNITED MTHDST,-76.9347492419306,38.88058289455355
364,HOLY TRINITY UNITED BAPTIST,-76.93745235908536,38.89921982591566
365,HOLY TRUTH-GOD IN CHRIST JESUS,-76.91804448841485,38.89642270605917
366,DEEPER LIFE BIBLE CHURCH,-76.98883981520207,38.94904348966793
367,MT CALVARY HOLY EVANGELISTIC,-76.97054315707673,38.86867208578399
368,EPISCOPAL CHURCH OF THE ATONEMENT,-76.92734729765021,38.88938611481897
369,EVERGREEN BAPTIST CHURCH,-76.92152643065745,38.893990404400704
370,MATTHEWS MEMORIAL BAPTIST CHR,-76.99498442833355,38.8586751789567
371,EAST WASHINGTON HEIGHTS BAPTIST CHURCH,-76.95862126531672,38.86260706785824
372,CAMPBELL A M E CHURCH,-76.9946958688226,38.859491419510356
373,MT ENON MISSIONARY BAPTIST,-76.95773752437422,38.88477652047058
374,CHRISTIAN PRAISE CHURCH,-76.95597165616644,38.86405924687233
375,CHURCH IN THE LORD JESUS,-76.98297493408526,38.86656010555198
376,CHURCH OF JESUS CHRIST,-76.95370309692917,38.866948989826625
377,ST JOHN BAPTIST CHURCH,-76.92649789193779,38.884257921031185
378,BETHLEHEM BAPTIST CHURCH,-76.99325317728683,38.86140311239649
379,BETHUEL TEMPLE CHURCH,-76.99242129994357,38.86241083330099
380,SOUL SAVING CTR OF CHRIST,-76.94008440398295,38.902155138567785
381,INDEPENDENT CHURCH OF GOD,-76.97331032985872,38.85817614252489
382,GREATER DELIVERANCE CHR OF GOD,-76.94213410294405,38.883631712902464
383,ST LUKE PARISH,-76.93070076248952,38.88931923834691
384,ST MICHAELS CHR-GOD-CHRIST,-76.91912153016395,38.893053064286455
385,ST ROSE PENTECOSTAL CHURCH,-76.93256959059622,38.90317925702901
386,TEMPLE OF THE LIVING EPOSTLE,-76.93257709312913,38.90585330158618
387,WESLEY UNITED METHODIST CHURCH,-77.07265219220457,38.95933186295889
388,BETHLEHEM CHURCH-GOD HOLINESS,-76.99744578789495,38.96130829951842
389,OUR LADY OF LEBANON,-77.03441576929403,38.977368201040605
390,OVERCOMING FAITH MINISTRIES,-77.01143420097368,38.967484995889116
391,TIFERETH ISRAEL CONGREGATION,-77.03579682226373,38.983522384098826
392,TEMPLE SINAI,-77.06291064836334,38.96056164298463
393,NORTHWEST COMMUNITY CHURCH,-77.03689522760546,38.94113901408364
394,BROTHERHOOD OF THE CROSS-STAR,-77.02718035845074,38.964764247012454
395,CAPITAL SPANISH SEVENTH-DAY,-77.0369036435908,38.94848364714046
396,CAPITAL WESLEYAN CHURCH,-77.03246827441859,38.93836676382315
397,PLYMOUTH CONGREGATIONAL CHURCH,-77.00872688774703,38.955181933177776
398,MOORISH SCIENCE TEMPLE-AMER,-77.02299524799592,38.943918029189575
399,MT CALVARY HOLY CHURCH,-77.00635925758847,38.96184279430656
400,MT ZION BAPTIST CHURCH,-77.03314032888854,38.95214357608736
401,SIMPSON-HAMLINE UNITED MTHDST,-77.03576006282275,38.94546748920125
402,OROMO EVANGELICAL LUTHERAN CHR,-77.03675164574405,38.943205110752515
403,BUDDHIST CONGREGATIONAL CHURCH,-77.03579327925243,38.955334334004554
404,VICTORY CHURCH OF JESUS CHRIST,-77.01394104620424,38.94257686454276
405,OMEGA GOSPEL MISSION,-77.01119626985741,38.96605045565916
406,PEOPLES CONGREGATIONAL UCC,-77.03013343759257,38.94726865979928
407,VAN BUREN UNITED METHODIST CHR,-77.00989424009995,38.970330569961355
408,CELESTIAL CHURCH OF CHRIST,-77.01097882564162,38.96571473887412
409,WASHINGTON SEVENTH DAY BAPT,-77.03688806003368,38.94757282483073
410,CHURCH OF THE ANNUNCIATION,-77.07680847272336,38.930015694926915
411,GREATER NEW ST PAUL BAPTIST,-77.03002849320647,38.953916163643406
412,GREATER ST PAUL BAPTIST CHURCH,-77.00774789205637,38.95983386918292
413,CALVARY LIFE CTR,-77.01640672404243,38.95634488547537
414,ST MARY ARMENIAN APOSTOLIC CHR,-77.08169826786246,38.95498823107195
415,NATIONAL PRESBYTERIAN CHURCH,-77.08099095602381,38.94211750936444
416,NORTHWEST BAPTIST CHURCH,-77.09130712770333,38.942348716191134
417,BETHEL CAPITOL CHURCH,-77.00993560605762,38.964927331050795
418,FIRST UNITED CHR-CHRIST APSTLC,-77.03588596864147,38.987735047478054
419,CITIZEN HEIGHTS CHURCH,-77.08115228757171,38.94897009186731
420,BASILICA-THE NATIONAL SHRINE,-77.00067584718823,38.93336211618327
421,RESTORATION CHURCH,-77.07780599691158,38.94357198958229
422,FOURTH CHURCH CHRIST SCIENTIST,-77.03689125479953,38.957089343400845
423,FROM THE HEART CHR MINISTRIES,-77.0108435373559,38.956265990906
424,ST MARY'S BAPTIST CHURCH,-77.030359510929,38.98701550536617
425,PROMISED LAND BAPTIST CHURCH,-77.01824678522625,38.97022020478295
426,CLEVELAND PARK CONGREGATIONAL,-77.06668437975378,38.93232200214905
427,GETHSEMANE BAPTIST CHURCH,-77.01707483070689,38.95289525364858
428,ERITREAN EVANGELICAL CHURCH,-77.03599451354005,38.944421014774925
429,EVANGELICAL CHURCH LA PENA,-77.0108435373559,38.956265990906
430,EVANGLICAL CHURCH APOSTLES,-77.03373507451742,38.960012126416196
431,CHEVY CHASE BAPTIST CHURCH,-77.0781825119746,38.966295281524786
432,SEEKERS CHURCH,-77.01624065102547,38.97485307617292
433,ARABIC BAPTIST CHURCH,-77.09130712770333,38.942348716191134
434,ISRAEL METROPOLITAN CHRISTIAN,-77.02116452614958,38.93901957614302
435,CHRIST LUTHERAN CHURCH,-77.035981133859,38.95219399332052
436,CHURCH OF CHRIST,-77.03593913342219,38.948519079939274
437,CHURCH OF THE NATIVITY,-77.0290534947092,38.963222304510225
438,CHRIST UNIVERSAL CHURCH,-77.01222350644598,38.95689886551146
439,CHURCH-THE NATIVITY-OUR LORD,-77.02822927549268,38.96285596057763
440,WISCONSIN AVENUE BAPTIST CHR,-77.07763308578808,38.94685769735279
441,FAITH MISSION TEMPLE,-77.01198921347977,38.95640082282787
442,FAITH MORAVIAN CHR-THE NATIONS,-77.00063305434864,38.95889582397404
443,JEHOVAH'S WITNESS NORTH UNIT,-77.03306698134381,38.952695713881006
444,JEMBOLLA SISAY,-77.03599451354005,38.944421014774925
445,FAITH FULL GOSPEL DELIVERANCE CHURCH OF GOD,-77.0127503001501,38.9562322877336
446,INTERNATIONAL ETHIOPIAN,-77.02924006459219,38.986266757868506
447,CHEVY CHASE PRESBYTERIAN CHR,-77.07574522255659,38.96723653625857
448,NATI SPIRITUAL,-77.03182812486983,38.97817508016895
449,OHEV SHOLOM - THE NATIONAL SYNAGOGUE,-77.03693490757148,38.98410792460551
450,AGAPE BAPTIST CHURCH,-77.07763308578808,38.94685769735279
451,TEMPLE BAPTIST CHURCH,-77.08469759285362,38.940350157302106
452,NEW HOPE CME CHURCH,-77.02732604837263,38.95351685937327
453,NEW REDEEMER BAPTIST CHURCH,-77.02861057297227,38.95900654945609
454,NINETEENTH STREET BAPTIST CHR,-77.03684386174069,38.94687262502737
455,IGLESIA DE JESUCRISTO PALABRA,-77.01119626985741,38.96605045565916
456,ST GABRIEL CATHOLIC CHURCH,-77.02019660293122,38.94368306964301
457,ST GEORGE ANTIOCHIAN ORTHODOX,-77.03595440402944,38.94380152721179
458,ST JOSEPH BAPTIST CHURCH,-77.02767630151268,38.949936979142045
459,ST LUKE BAPTIST CHURCH,-77.03416095414752,38.95210121366476
460,NEW BETHEL CHR-GOD IN CHRIST,-77.02665718884933,38.96844919094434
461,SHEPHERD PARK CHRISTIAN CHURCH,-77.02879325669394,38.985668092874036
462,FELLOWSHIP BAPTIST CHURCH,-77.03164907920905,38.95754336512642
463,FIRST BAPTIST CHURCH,-77.02229334901007,38.93846166267616
464,FIRST CHURCH 7TH DAY ADVENTIST,-77.02360494743054,38.939567533751806
465,GRACE LUTHERAN CHURCH,-77.03675164574405,38.943205110752515
466,FIRST MYSTERY CHURCH OF GOD,-77.02580546572185,38.94420507715199
467,WESTMINSTER PRESBYTERIAN CHR,-77.01821435841794,38.87902746560098
468,RIGHTEOUS BRANCH COMMANDMENT,-77.00974275407644,38.83467260579403
469,COMMUNITY OF HOPE CHURCH OF THE NAZARENE,-76.99288981310114,38.84366278220496
470,VARICK MEMORIAL AME ZION CHR,-76.96008997850757,38.8933395415924
471,VICTORY MEMORIAL BAPTIST CHR,-76.93038041739598,38.90670870765022
472,MORNING STAR BAPTIST CHURCH,-77.00070125804132,38.843568948319565
473,CHRIST UNITED METHODIST CHURCH,-77.01672900960912,38.878892381761204
474,FRIENDSHIP BAPTIST CHURCH,-77.01250022617516,38.87892660240621
475,FABRANGEN,-77.03688958324472,38.98528999681962
476,SHRINE-THE MOST BLESSED SCRMNT,-77.07513733012651,38.968427188205865
477,METROPOLITAN MEMORIAL UNITED METHODIST CHURCH,-77.08780164773404,38.934967028073025
478,CENTRO EVANGELISTICO,-77.02473265588544,38.9411469948684
479,FIRST SUPERET BRANCH CHURCH,-77.03487186702425,38.95380545884501
480,HOLY COMFORTER EPISCOPAL CHR,-77.02276072975383,38.96160257338099
481,NEW DIMENSIONS KINGDOM MNSTRS,-77.0268535833937,38.98252477725671
482,TAKOMA PARK BAPTIST CHURCH,-77.02259228772193,38.97256906473394
483,WASHINGTON DC CHRISTIAN,-77.00448764720794,38.96185459188328
484,WASHINGTON DC CHRISTIAN RFRMD,-77.0048928669123,38.96182719052553
485,PETWORTH UNITED METHODIST CHR,-77.02007589905135,38.94270388950345
486,SIXTH PRESBYTERIAN CHURCH,-77.03592429226055,38.955923884894105
487,ARK FOUNDATION CHURCH,-77.01962460937585,38.955979104410034
488,STAR-BETHLEHEM CHR-GOD,-77.03375406678951,38.95504424375526
489,MIRACLE TEMPLE OF GOD & CHRIST,-77.02535445823911,38.95173312526561
490,RUSSIAN ORTHODOX CHURCH,-77.03780504084331,38.94016411611604
491,EMORY UNITED METHODIST CHURCH,-77.0281276130468,38.964586019940036
492,DEBRE HAIL KEDUS GABRIEL,-77.0184524117422,38.94122328423024
493,CENTER FOR SPIRITUAL LIVING DC,-77.01952316291386,38.97607111760156
494,WASHINGTON NATIONAL CATHEDRAL,-77.07088237321757,38.93052381481552
495,SHAMMAH MINISTRIES INC,-77.02221642064102,38.94958510993419
496,ST MARY'S EPISCOPAL CHURCH,-77.05045427935724,38.89918495503776
497,ST PAUL'S EPISCOPAL CHURCH,-77.05266764186298,38.902272404459026
498,ST STEPHEN MARTYR CHURCH,-77.05304412816847,38.90315334155995
499,ST JAMES II ASSOC LLC,-77.04628421702674,38.905912681597
500,CATHEDRAL OF ST MATTHEW THE APOSTLE,-77.0402742254022,38.906391990289954
501,ST THOMAS EPISCOPAL CHURCH,-77.04104346784898,38.91022000010157
502,CHURCH OF THE PILGRAMS,-77.04932232999529,38.91034300539214
503,ANDREW RANKIN MEMORIAL CHAPEL,-77.02098366978916,38.92453650180924
504,ANACOSTIA GOSPEL CHAPEL,-76.99127710233095,38.843023163184476
505,ST DOMINICS CHURCH,-77.02090702249156,38.88298827419789
506,ST MATTHEW'S LUTHERAN CHURCH,-77.0147300251963,38.876050862405286
507,ST THOMAS MORE CHURCH,-76.99995736617356,38.825099264650966
508,UNITY OF LOVE PRAISE TEMPLE,-77.00640097787495,38.83801335315938
509,TABERNACLE CHURCH,-77.00469798381135,38.83930434563183
510,TEMPLE MISSIONARY BAPTIST CHR,-76.99937932612607,38.8437972228412
511,TEMPLE OF PRAISE,-76.99627078008379,38.826077435195934
512,HOUSE OF THE LORD CHURCH,-77.02153434537094,38.88029149875064
513,SOUTHEAST BAPTIST TABERNACLE,-77.00610566198259,38.83005637576259
514,SOUTHEAST MINISTRY,-76.99974217914415,38.84358759764334
515,CHURCH OF THE SAVIOR,-77.04613722275262,38.91090696774576
516,RIVERSIDE BAPTIST CHURCH,-77.02285201420392,38.877817273158065
517,FAITH PRESBYTERIAN CHURCH,-77.00836164724485,38.82953680769742
518,SECOND UNION BAPTIST CHURCH,-77.01413282213721,38.8771514921248
519,CHURCH IN THE FIELD,-77.00696162333834,38.83621874646774
520,COVENANT BAPTIST CHURCH,-77.00866358624513,38.834018136177946
521,REHOBOTH BAPTIST CHURCH,-76.99704420264105,38.84301318194898
522,REMNANT COMMUNITY CHURCH,-77.00610566198259,38.83005637576259
523,RESURRECTION BAPTIST CHURCH,-77.00466545933973,38.84041463869187
524,SEVENTH WAVE,-76.99052236490226,38.89085362779468
525,MT JOY CHURCH,-77.00080028961183,38.88167113481785
526,SEAN BETHEL,-76.97379185422999,38.916425881533954
527,TOGETHER FOR THE GOSPEL,-76.99864639644501,38.89078950434152
528,GROUND TRUTH DATA,-76.99976236137937,38.90618246161222
529,PILGRIM AME,-76.98019914856016,38.89709666615609
530,NORTHEAST COMMUNITY CHR OF GOD,-76.97335099093164,38.90387679811073
531,LEVI ZION,-77.02650745573376,38.89505440042808
532,WATERFRONT CHURCH DC,-77.0041906674734,38.87774520487653
533,TRUTH ABOUT GW BUSH IS NOW OUT,-77.00180289691501,38.887302895670686
534,NO GREATER SACRIFICE,-77.02740709565835,38.89516346431503
535,ST PETER LUTHERAN CHURCH,-77.02158076085607,38.89543232469903
536,MITCHAM CHAPEL AME,-76.98618478646061,38.891834837935875
537,RAYCROW APOSTLE D,-77.02089036223494,38.90678163095705
538,SOCIETY-THE HOLY CHILD JESUS,-77.02056163268337,38.90747929582036
539,ST JAMES HEALING CHURCH,-77.02621796349922,38.916274808642314
540,IOWA GENERAL ASSEMBLY,-77.00997618163733,38.897057019799135
541,HERITAGE REVIVAL PROJECTS INC,-77.00323349354024,38.896844983892265
542,MT JOY PENTECOSTAL SSS CHURCH,-77.01756568483536,38.90547632768006
543,CHINESE COMMUNITY CHURCH,-77.02499630569211,38.90288209957666
544,WESTERN PRESBYTERIAN CHURCH,-77.05196329355456,38.89853884428848
545,WOOD ISLAND LIFE SAVING STA,-77.0593789521362,38.90831352103932
546,SEVENTH SON,-77.07712488189425,38.92399135343064
547,ST SOPHIA CATHEDRAL,-77.07042772335345,38.92724055877613
548,LAKE GROVE PRESBYTERIAN CHURCH,-77.06586229973827,38.90450338668558
549,THREE STRANDS COMMUNITY CHURCH,-77.04469073757274,38.89812818887006
550,ST MARK'S SQUARE LLC,-77.03789817181139,38.90293024438362
551,LAS PLACITAS PRESBYTERIAN CHR,-77.06040573275008,38.9035011830957
552,EPISCOPAL HERITAGE CHURCH,-77.05668238062427,38.9086953730422
553,MARCH-THE LIVING LONGITUDINAL,-77.04602883882384,38.902149362060996
554,READING FOR NASAA ASSEMBLY,-77.02774081972498,38.89814164144887
555,HOMBRES DE PALABRA,-77.03982676048821,38.89934409564113
556,RESTORATION TEMPLE MINISTRIES,-76.97767309320297,38.922096259522256
557,NEW BAPTIST COVENANT,-76.92908945598248,38.89664667384326
558,LIGHTHOUSE MINISTRIES,-77.02321537666384,38.97696622119167
559,ST MARY ORTHODOX CHURCH,-77.01425051006616,38.942465124432935
560,ZEN BUDDHIST CTR OF WASHINGTON,-77.088332304041,38.95133865898515
561,TRANSFORMATION CHURCH DC INC,-76.99642681431874,38.94144016476734
562,NEW CHRIST HOLY TEMPLE FWB,-77.02992061887456,38.93989011597105
563,ST THOMAS AQUINAS CHURCH,-76.99867210346964,38.92787235667324
564,OASIS COMMUNITY PARTNERS,-76.97579169796312,38.92953306224892
565,PROTESTANT EPISCOPAL CATHEDRAL,-77.07213913407146,38.93143108366297
566,MORNING STAR PENTECOSTAL CHR,-76.93790683870964,38.894402393413216
567,TRIUMPHANT CHURCH,-77.0206310893066,38.95667364854038
568,MANIFEST SONS-GOD MINISTRIES,-76.98943070817201,38.92016481759499
569,LIFE GOSPEL ASSEMBLY INTL CHR,-76.91216970881504,38.894796479602356
570,HOPE TABERNACLE CHURCH OF GOD,-77.03579682226373,38.983522384098826
571,RIVER CITY CHURCH,-77.07265219220457,38.95933186295889
572,LITTLE MT ZION HOLINESS CHURCH,-76.92984266176452,38.89935423272807
573,ST LOUIS DE FRANCE,-77.0817413518867,38.956239629815286
574,WASHINGTON D C CHURCH OF GOD,-77.03300881986019,38.94643236502962
575,UNIFICATION CHURCH,-77.03756407660843,38.94212565938067
576,UNITED CHRISTIAN CHR WORLDWIDE,-77.0066401453936,38.954930109115324
577,MISSION INTERNATIONALE POUR LA,-77.0781825119746,38.966295281524786
578,MARCHAR THE WA CONGRGTN FOR,-77.07834427902252,38.94445498296471
579,SECRETARIAT REGISTRIES CHR,-77.06569122423048,38.924672522881394
580,DOMINION CHURCH OF WASHINGTON DC,-77.00423054655651,38.95552828002611
581,MANUEL DE JESUS FERNANDEZ TRRS,-77.02902753228643,38.919028081556874
582,UNCION PODER Y FUEGO,-77.03438474526278,38.922406732326635
583,BALM IN GILEAD MINISTRIES,-77.02896861765358,38.960496247234786
584,INTERNATIONAL HOUSE-PRAYER,-77.0238374265901,38.93490893502462
585,IGLESIA MISIONERA CUERPO DE,-77.035981133859,38.95219399332052
586,BEREAN ETHIOPIAN ADVENTIST GRP,-77.035981133859,38.95219399332052
587,KEDUS YOHANNES METEMIK,-77.0184524117422,38.94122328423024
588,UNITARIAM UNIVERSALIST SVC CMT,-77.04514243229518,38.909472507178585
589,MEPT ST MATTHEWS LLC,-77.03953131265926,38.906447555305334
590,INTERNATIONAL CHRISTIAN,-77.04189540299956,38.90824813106069
591,SERBIAN,-77.03950985977472,38.908721630138416
592,SPLIT THIS ROCK INC,-77.04196536288245,38.90761887281967
593,SUNDAY MORNING GOSPEL,-77.01999315435262,38.9203594257464
594,CHURCH OF THE FIRST BORN,-76.97025628161089,38.85555503300925
595,ST PHILLIP AME,-76.94231196033084,38.894158633212164
596,REDEEMER CITY CHURCH OF FL INC,-76.98855721966238,38.94089024373946
597,STRAIT GATE BAPTIST CHURCH,-76.96003388467918,38.88379667585335
598,KABOD CHURCH,-76.98883981520207,38.94904348966793
599,MARY'S MISSIONARY BAPT CHR INC,-76.98564502171469,38.92659203180519
600,STEP OF FAITH MINISTRIES,-76.98448834174347,38.842681668993926
601,ANACOSTIA RIVER BAPTIST CHURCH,-76.9865216079354,38.85701921058373
602,TURNING HEARTS CHURCH,-76.99995736617356,38.825099264650966
603,AGAPE CHURCH OF CHRIST INC,-76.98505912262443,38.86571900497536
604,MT ZION AME,-76.9946958688226,38.859491419510356
605,I AM THE WAY THE TRUTH & LIFE,-76.98232030049587,38.85269964813487
606,SOUTHERN FRIENDSHIP BAPTIST,-76.96938259418769,38.87447130868573
607,VICTORY WORD & WORSHIP CTR,-76.98258442533495,38.861370479212546
608,NEW REDEEMED CHURCH OF CHRIST,-76.96450852204887,38.859341020498434
609,YORKTOWN VICTORY CTR,-77.04035238012459,38.90351523582802
610,Bethel Commandment Church of Living God,-76.93399411572139,38.91173566134681
611,Northeastern Presbyterian,-76.97507154947506,38.94314481275718
612,Northminster Presbyterian Church,-77.02772934384966,38.98367960649533
613,Evangel Missionary Baptist Church,-76.97449744785362,38.930556941892675
614,Old Pentecost,-77.0239458432909,38.9276935278024
615,Paramount Baptist,-77.00031854303667,38.83219550504808
616,Fisherman Of Men,-77.02391410453038,38.93553076245227
617,Georgetown Baptist Church,-77.06142930754177,38.9070411125695
618,The Greater New Highway Christian Church of Christ,-76.92873704081683,38.88489043628378
619,Walker Memorial Baptist,-77.02997942620745,38.91762677552624
620,First Genesis Baptist,-77.02784981514144,38.91098338348138
621,Greater Pleasant Grove Baptist,-77.00031240909276,38.903880106786524
622,Progress For Christ Baptist,-76.999259241828,38.882517743611885
623,Mount Joy Baptist,-77.00032625876727,38.882111016750216
624,Upper Room Baptist,-76.95069209821638,38.89140996253296
625,St John United Baptist Church,-77.02931326434873,38.96724622479555
626,Holy Christian House of Praise for all people,-76.92699012041406,38.89870739587444
627,Bethlehem Fire Baptized Holiness Church,-76.98390858999545,38.899431933444795
628,Christ Centered Missionary Baptist Church,-76.92510450662267,38.88946523324556
629,Christ Apostolic Church,-77.02643817164677,38.944495362910565
630,Greater Harvest Baptist,-77.0262337528203,38.93067190533797
631,Beauty for Ashes Multicultural Worship Center,-76.93457536663432,38.90706425932625
632,Beginning Church of God,-77.02938879307871,38.91423762972567
633,Saint John's Church Of God,-76.9880944710818,38.89996275715317
634,Mount Olivet Lutheran Church,-77.0311233780579,38.90775225465621
635,Second Refreshing Church of God in Christ,-76.9380967391732,38.904844628205495
636,Sacred Heart Spiritual Church,-76.93354538677407,38.89958403898208
637,Trinity Baptist Church,-76.98553691458105,38.91204158578989
638,True Vision Chruch of God In Christ Inc.,-76.93826633797205,38.900839511999784
639,Deanwood Seventh-Day Adventist Fellowship,-76.93823315596737,38.902547749695884
640,Washington International Church,-77.0880627615003,38.953912977137755
641,Faith Assembly Of Christ,-77.02672841691417,38.9491496060257
642,Nipponzan Myohoji,-77.03693528834229,38.95077948676783
643,Zion Baptist Church,-77.03777999612511,38.9501490879127
644,Saint Phillip Baptist,-77.00874227004911,38.902826342945225
645,Historic Berean Baptist Church,-76.98493810168871,38.92430419029026
646,New United Baptist,-76.98488346602727,38.859432096924266
647,Ambassador Baptist,-76.98416352238213,38.867024836612316
648,Riggs Park Baptist,-77.007398864104,38.9630970424368
649,Bethel Pentecostal Tabernacle,-77.01122594525876,38.87902312167885
650,United Pentecostal Assembly Inc.,-76.98184302514781,38.89791291085333
651,Lighthouse Full Gospel Mission Church,-76.91150998114658,38.89415954013903
652,The New Solid Rock Perfecting Church,-76.98335640853065,38.898874778996884
653,Christ Memorial Baptist,-77.02261720871331,38.95510151889876
654,New Second Baptist,-77.0261032338668,38.97770816044209
655,New Southern Rock Baptist,-77.02327967995772,38.94595015197102
656,Trinity Holy Tabernacle,-76.99346303690483,38.90118417384631
657,Macedonia Church of God in Christ,-77.03176056098991,38.9506191284964
658,Anacostia Full Gospel,-76.98655615211783,38.86630013950013
659,Ethiopian Orthodox Tewhahedo,-77.03185169596286,38.945966687556556
660,Church of God of Prophecy - Capitol Hill,-76.98529537186828,38.89631360081476
661,Union Temple Baptist,-76.98895373727684,38.86451231068397
662,True Unity Baptist,-76.97167945806524,38.868950816822185
663,Peabody St Mennonite Church,-77.01544848124342,38.962944196548726
664,St John Christian Methodist Episcopal Church Outreach Center,-76.98720101619762,38.85637689605119
665,Faith Tabernacle United Holy Church,-77.00179884455322,38.891147761341564
666,Victory Christian Baptist Church,-76.96345460392712,38.92151911819754
667,Jerusalem Church Of God in Christ,-77.00016458223061,38.842821339260134
668,Meridan Hill Baptist,-77.03702993277075,38.92999363012711
669,Praise Temple Church Of Christ,-77.0247764272332,38.94229878567481
670,Providence Baptist,-76.9834148498774,38.8820384934932
671,Progressive Pentecostal (Purity),-76.97979872096892,38.9323553160226
672,Resurrection Church of God in Christ,-76.97986384082185,38.933736480687976
673,The Church of Jesus Christ of Latter Day Saints,-76.9958551359113,38.88204329073759
674,St Paul Temple Church Of God,-76.98295806130251,38.93240230219362
675,Little Rock Faith Baptist,-76.99061702692067,38.93798119845936
676,Iglesia Primitiva Pentecostal,-77.03246551424094,38.93990421040287
677,Vineyard Baptist Church,-76.98245812318484,38.883963085804226
678,St Paul AUMP,-77.00034514573525,38.87912464497929
679,Temple United Church,-76.93685024590228,38.89336181043992
680,New Mt Carmel Freewill Baptist,-76.92258906728678,38.89893121300719
681,Greater Victory Baptist,-77.00085443658632,38.918274984533994
682,Apostolic Evangelical Church of Jesus Christ,-76.91125840526921,38.894015305395854
683,Bunton Memorial CME,-76.98688215305161,38.93201391980847
684,Cherubim and Seraphim Church Ayo,-77.02508382864218,38.92555948909976
685,ANNUNCIATION CATHOLIC CHURCH,-77.07581977858095,38.93015650988432
686,Cosmic Church,-77.00332546089474,38.89139680937768
687,Daughter Of Zion Baptist,-76.97469776792987,38.929286363142765
688,Ebenezer United Methodist,-76.99971460151377,38.88445860248831
689,Evangelical Missionary Baptist Church,-76.97448471434251,38.93036614310317
690,New Hope Fire Baptist Church,-76.93350827384133,38.900194244365494
691,New Light Missionary Baptist,-76.97986865341915,38.93384818449173
692,Community Holiness Church,-77.00173779287722,38.90224841085232
693,First Hijra Foundation,-77.02624106432013,38.943643583717794
694,God's Universal Kingdom Christian Church,-76.9980802204196,38.894489324921466
695,Faith Deliverance Center,-77.02351034177157,38.9367028242702
696,Iglesia de Dios El Jardin Del Eden,-77.02278707319687,38.92779636420745
697,Joshua's Temple FBC,-76.94020360214661,38.90312621054038
698,Kingdom Of Zion Baptist,-76.98771413799321,38.8980596112316
699,Ky Vien Pagoda,-77.03372602474678,38.95819930663421
700,Maranatha Chapel Fellowship,-76.938454333194,38.91009641504325
701,Open Door Temple Church of God in Christ,-76.9754426173787,38.89899202374508
702,Masjid of Ivy City,-76.98500526983074,38.91363914778736
703,Franklin P Nash United Methodist,-77.00698982639167,38.91721296648962
704,New Testament Church,-77.01845113703605,38.97328675697129
705,Iglesia Pentecostal Emmanuel,-77.03599387849779,38.94476251910474
706,Albright Memorial United Methodist,-77.01873496599886,38.96517262776399
707,Sikh Cultural Society - Sikh Temple,-77.07471708839108,38.93025423958612
708,Zen Buddhist Center,-77.02583830396661,38.97528941965718
709,St. John United Baptist Church,-77.03169815634841,38.965940757969946
710,Temple Rock Of Ages Assembly of Yahweh,-76.98811876271543,38.901544537409336
711,True Temple Missionary Baptist Church,-77.02091971800766,38.93729074786295
712,Tyson Temple First Born,-76.96336748329576,38.879198264956834
713,Universal Meditation Temple,-77.02321364337632,38.95712312706415
714,Isle Of Patmos Baptist,-76.99002225184898,38.92360496850364
715,New Mount Zion Church Of God,-76.98389117370299,38.898450019571534
716,New Strait Gate Baptist,-76.93524139383783,38.87330924659723
717,Saint Job Baptist Church,-76.997714887865,38.899099709706796
718,Shepherd Park Church Of God,-77.02612429232528,38.97817090833864
719,CHRIST CHURCH - GEORGETOWN,-77.06145520998604,38.90829431355775
720,SAINT DAVIDS EPISCOPAL CHURCH,-77.10593497985042,38.93228940401275
721,SAINT BLAISE CHURCH,-77.09479896638065,38.916312469103254
722,SHAMBHALA MEDITATION CENTER OF WASHINGTON DISTRICT OF COLUMBIA,-77.05929039600451,38.93624941925934
723,SAINT ANN'S CATHOLIC CHURCH,-77.07972300227803,38.94656110724948
724,SAINT THOMAS APOSTLE CATHOLIC,-77.05499298029632,38.92612802620857
725,SAINT COLUMBAS EPISCOPAL CHURCH,-77.08234529947983,38.94837449478121
726,SAINT ALBANS EPISCOPAL CHURCH,-77.07225401324736,38.929469749879296
727,CHRIST CHURCH ON EMBASSY ROW,-77.07610976766385,38.93143280827498
728,GRACE EVANGELICAL LUTHERAN CHURCH,-77.0369664218532,38.943143282198285
729,SAINT PAUL AFRICAN METHODIST EPISCOPAL CHURCH,-77.03303693756436,38.95005266765035
730,SAINT MATTHEWS BAPTIST CHURCH,-77.00485559075776,38.87723697045629
731,MASJID USH-SHURA,-76.99957980561827,38.84367175408541
732,SAINT FRANCES XAVIER CHURCH,-76.9672375353381,38.872519227359625
733,SAINT AUGUSTINE ROMAN CATHOLIC CHURCH,-77.03406449348095,38.918347790873135
734,BIBLE WAY TEMPLE,-77.01499885376434,38.90461535184924
735,SAINT JOSEPHS ON CAPITOL HILL ROMAN CATHOLIC CHURCH,-77.00317623877118,38.893812894978474
736,FOUNDRY UNITED METHODIST CHURCH,-77.03691776881445,38.910182109223165
737,CHURCH OF OUR SAVIOUR,-76.9817274593227,38.92928131362558
738,CHURCH OF THE ASCENSION AND SAINT AGNES,-77.02841187055206,38.90482854669376
739,SAINT PAUL'S ROCK CREEK EPISCOPAL PARISH,-77.01208816272344,38.946841025697985
740,THE CHURCH OF THE HOLY COMMUNION,-77.00547444254896,38.83830208525313
741,SAINT BENEDICT THE MOOR,-76.97545037946367,38.8938556080155
742,SAINT MARY AFRICAN METHODIST EPISCOPAL ZION CHURCH,-76.98634348438492,38.89342216781181
743,CHURCH OF THE ASSUMPTION OF THE BLESSED VIRGIN MARY,-77.00413915209646,38.84119918653136
744,GRACE MEMORIAL BAPTIST CHURCH,-76.9717652241984,38.87265234684506
745,JOHNSON MEMORIAL BAPTIST CHURCH,-76.94329899448067,38.87776716297647
746,SECOND NEW SAINT PAUL BAPTIST CHURCH,-76.97184734935453,38.92580279038067
747,MOUNT PARAN BAPTIST CHURCH,-76.98682293989539,38.87815150025391
748,MACEDONIA BAPTIST CHURCH,-76.99196188296774,38.85817369119112
749,HANAFI MADHAB CENTER,-77.03676499423142,38.98353629872823
750,CHRIST OUR REDEEMER AFRICAN METHODIST EPISCOPAL CHURCH,-77.02411784777088,38.94220197620437
751,SAINT CHARLES BAPTIST CHURCH,-77.02650028065389,38.94428478015272
752,MASJID AL-ISLAM,-76.93638916243702,38.88636579751853
753,SAINT MARKS EPISCOPAL CHURCH,-77.00174554645997,38.88839244205061
754,OUR LADY QUEEN OF PEACE CHURCH,-76.94781922307007,38.88313906485604
755,PLEASANT LANE BAPTIST CHURCH,-76.99927557321134,38.88252433785412
756,TRINITY EPISCOPAL CHURCH,-77.02069423297553,38.97562574750187
757,SAINT AUGUSTINES EPISCOPAL CHURCH,-77.02027087717433,38.87605780624235
758,THIRD BAPTIST CHURCH,-77.0192263284639,38.91093161129689
759,ANSAARU ALLAH COMMUNITY CHURCH,-77.02379625533246,38.91142502157978
760,JOHN WESLEY AFRICAN METHODIST EPISCOPAL ZION CHURCH,-77.0315941557849,38.91167274021627
761,BET MISHPACHAH,-77.03603098586478,38.910912908701384
762,SHRINE OF THE SACRED HEART,-77.03568963744156,38.93108852080445
763,MOUNT HEBRON BAPTIST CHURCH,-77.016407886418,38.96560320246346
764,AMERICAN FAZAL MOSQUE,-77.04828825233388,38.91560756014651
765,CALVARY EPISCOPAL CHURCH,-76.99874431148683,38.90087593972546
766,CAPITAL VIEW BAPTIST CHURCH,-76.92771854508483,38.890544210127175
767,ENON BAPTIST CHURCH,-76.99906680518609,38.90352492210593
768,EBENEZER BAPTIST CHURCH,-77.01115901608442,38.910897455809064
769,FIRST BAPTIST CHURCH OF WASHINGTON DISTRICT OF COLUMBIA,-77.03719080109697,38.90844615941838
770,BRIGHT PEARL ZEN GROUP OF WASHINGTON,-77.01962612568443,38.973090708616795
771,KAGYU DRUPGYU CHODZONG,-76.98292476685545,38.88388762864084
772,SAINT FRANCIS DE SALES CATHOLIC CHURCH,-76.97547924577424,38.92906628547242
773,SAINT PETERS ON CAPITOL HILL,-77.00388056459127,38.88581308395542
